email, senha
0.6044637714316331@mail.com,user123
0.32790148289724097@mail.com,user123
0.1379109619452738@mail.com,user123
0.9364559077209025@mail.com,user123
0.11539873678092866@mail.com,user123
0.7385257173290076@mail.com,user123
0.34861301542105483@mail.com,user123
0.8802887319403144@mail.com,user123
0.8314775481028105@mail.com,user123
0.496810095548398@mail.com,user123
0.6116749948214202@mail.com,user123
0.06694294337145948@mail.com,user123
0.18926416881519095@mail.com,user123
0.11583770524884673@mail.com,user123
0.34685522250833833@mail.com,user123
0.1260048478911649@mail.com,user123
0.606095811320899@mail.com,user123
0.7818640527904843@mail.com,user123
0.0650595277395327@mail.com,user123
0.6242355294612875@mail.com,user123
0.2295413983914611@mail.com,user123
0.35752744977344947@mail.com,user123
